Scenario,Baseline FL,Model EPS=100,Model EPS=1000,Model EPS=500,Model EPS=5000,Single Earth,Single Mars,Single Moon
Earth - No Wind,255.4806700433531,-368.7946970648861,229.15326957389908,241.1576093045446,276.24066043831345,231.28549210922623,203.67497570782626,35.769541080129024
Earth - Wind=6,167.61017219130764,-328.54471544148305,189.5531901789143,198.530511155684,233.1202168151363,233.91456208605726,165.47197142735266,-32.37209185824143
Mars - Wind=5,252.51982426491054,-662.1955402171698,184.6055674346076,249.70904030611712,228.02360285852038,186.40885641588469,170.43232257935375,135.26355468347722
Mars - Wind=8,242.66955066677164,-615.8981947872105,245.25270779435482,261.7945840823562,245.7468255632587,131.81036283274418,155.2396149201411,111.00719669793253
Moon - Wind=15,105.52670704417936,-852.5452513260601,103.17874579509376,147.644420837966,142.23093656067934,32.83404100767821,-7.317587505086976,84.1503765063716
Moon - Wind=7,109.63052544748545,-1039.3925347090228,101.11738943972776,107.17833144481835,146.0537209535095,73.75619380203702,50.10122919410538,104.6540443925551
Turbulence,168.3328482333437,-351.63265763391877,136.57542794649714,150.89767591971176,223.90897310927497,210.1707160099898,127.77805903022359,-61.22079615452851
